<?xml version="1.0" encoding="UTF-8"?>
<beans xmlns="http://www.springframework.org/schema/beans"
    xmlns:xsi="http://www.w3.org/2001/XMLSchema-instance"
    xmlns:context="http://www.springframework.org/schema/context"
    xsi:schemaLocation="http://www.springframework.org/schema/beans
    http://www.springframework.org/schema/beans/spring-beans.xsd
    http://www.springframework.org/schema/context
    http://www.springframework.org/schema/context/spring-context.xsd">

	<context:annotation-config/>
	<context:component-scan base-package="com.pack"></context:component-scan>
	<!-- <bean id="CountryBean" class="com.pack.Country">
		  <property name="countryName" value="India"></property> 
	</bean> -->
	<!-- 	
    <bean id="CapitalBean1" class="com.pack.Capital">
		<property name="capitalName" value="Old Delhi" />
	</bean> -->
	
	<!--  <bean id="CapitalBean2" class="com.pack.Capital">
		<property name="capitalName" value="New Delhi" />
	</bean> -->
	
	  
</beans>